Connecting the Dots,Imran,01921213329,0,15/07/2024,15/07/2024
Kije Kori,Hossain,016212133269,0,15/07/2024,15/07/2024
Connecting the Dots,Kobir,0145786958,0,15/07/2024,15/07/2024
Himur Bari fera,Shamima,01965317217,0,15/07/2024,15/07/2024
Daruchini Dip,Humyun,01452635985,0,15/07/2024,15/07/2024
Himur Bari fera,Jashim,01635258968,0,16/07/2024,16/07/2024
Kije Kori,Jibon,01425368968,2,16/07/2024,0
Kije Kori,Jibon,01425368968,3,16/07/2024,0
Mora Boro Hotechai,Himel,0145362869,2,16/07/2024,0
Mora Boro Hotechai,Safi,01756485986,2,16/07/2024,0
Connecting the Dots,Joshim,0142566565,2,16/07/2024,0
Himur Bari fera,Rabbi,012356848598,1,16/07/2024,0
Daruchini Dip,Mofiful,01432569858,0,16/07/2024,16/07/2024
Daruchini Dip,Samu,01745869586,2,16/07/2024,0
Daruchini Dip,Samu,01745869586,2,16/07/2024,0
Daruchini Dip,Mofiful,01432569858,0,16/07/2024,16/07/2024
Daruchini Dip,Mofiful,01432569858,3,16/07/2024,0
